score,gdp_per_capita,social_support,life_expectancy,freedom,generosity,corruption
6.229054054054054,0.7073913113477991,0.6373505661667012,0.677225604603817,0.3017984397562909,-0.42041598399920316,-0.134436582027266
4.179695652173914,-1.1838976364849483,-0.9351970856437166,-1.2528814483401052,-0.5160870139272057,-0.05607428581480813,-0.1578617754150203
5.019333333333333,0.20935089033893378,-0.18752365433756063,0.2650043931406441,-0.9547968625652725,-0.7916852782368622,-0.6445090569736939
5.2942,-0.36355534865115147,0.20483253606574872,0.0006541782929779748,0.7784351727130673,1.0513799032301872,-0.1251464271410163
7.050136363636364,1.3021972886489654,0.9785784028757946,1.0825895779001249,1.2960478809118798,1.0560374851211116,1.6367055739569099
