score,gdp_per_capita,social_support,life_expectancy,freedom,generosity,corruption
-1.6405206708077908,-1.5557994329571017,-2.1670731732519934,-1.4892242216867433,-1.9968394534937237,0.582515410206085,-0.2543638581689737
0.6214852384519475,0.5242421872270977,0.5989782889212322,0.6023749585864592,0.4412060742662625,-0.5538128228807728,-0.33133289135903154
1.4522358167543887,1.2298003953398777,0.9562405211078793,1.0954497401034584,1.0838134276835198,0.9450836190941004,1.8042654380432108
-0.25829016857196446,-0.25832044021430994,0.054295413997286136,-0.10717430848422338,0.5210765377890608,1.2947461145409143,-0.3759737086744132
-0.35358366458486995,0.19184323015092747,0.03465245188711574,0.14279704739018068,-0.9169459136898719,-0.844603296414586,-0.493592538710012
-0.9452067485319534,-1.250484108332447,-0.9778223483888699,-1.3091867279374454,-0.1460355141733883,0.08695529959161266,-0.07359384510126836
