score,gdp_per_capita,social_support,life_expectancy,freedom,generosity,corruption
5.07625,-0.297660823242408,-0.15375309068653095,-0.042823469841392466,0.5818081870824356,1.2994548652234748,-0.3521348248896453
5.82009090909091,0.4596639916761437,0.5374217229071513,0.506122027768272,-0.06298479735173888,-0.5829436583861637,-0.420189187422967
3.537,-1.5522434486908976,-2.3156217088743514,-1.587486545220794,-2.0330908571652513,0.6761243445402653,-0.1941293031645029
4.379581395348837,-0.963783994931093,-0.8483335482645098,-1.051496045950161,-0.3212771243605394,-0.220067776408725,-0.15298667631459714
7.0236086956521735,1.2298003953398777,0.9562405211078793,1.0954497401034584,1.0838134276835198,0.9450836190941004,1.8042654380432108
