score,gdp_per_capita,social_support,life_expectancy,freedom,generosity,corruption
0.6539173675456994,0.5115622096847697,0.6133029536023445,0.5356869991905179,0.5458065659215816,-0.2915916444175129,-0.0659945723068323
-0.9086493794985622,-1.0629242670177093,-0.2771589166087162,-1.5083976009802316,-0.5324357300103297,-0.3012772776699098,-0.32788052817845476
-0.1942265079440904,0.254629640943174,-0.09925273948942802,0.38293462955982943,-0.9332616345443635,-0.8108423240977536,-0.6492547512976573
-1.3069615119850757,-1.2922128253453093,-2.07504624570596,-0.9203883274972301,-0.49388935398287515,0.08682065279468723,0.16496390539193406
-0.4323113208972404,-0.5739137272018583,-0.1901608957397737,-0.1838127097997609,0.2691772109533456,1.629342604422333,-0.26470679946808306
1.4623470441956137,1.3021972886489654,0.9785784028757946,1.0825895779001249,1.2960478809118798,1.0560374851211116,1.6367055739569099
